{"stats":{"minecraft:picked_up":{"minecraft:birch_log":11,"minecraft:iron_chestplate":4,"minecraft:leather_chestplate":4,"minecraft:wheat":8,"minecraft:magma_cream":9,"minecraft:golden_carrot":28,"minecraft:lead":2,"minecraft:potato":4,"minecraft:potion":14,"minecraft:gold_block":4,"minecraft:enchanted_book":5,"minecraft:diamond_horse_armor":1,"minecraft:chain":14,"minecraft:oak_log":5,"minecraft:chainmail_chestplate":1,"minecraft:ancient_debris":5,"minecraft:gunpowder":1,"minecraft:lapis_lazuli":9,"minecraft:map":1,"minecraft:music_disc_cat":1,"minecraft:string":36,"minecraft:paper":80,"minecraft:disc_fragment_5":2,"minecraft:cooked_salmon":27,"minecraft:iron_leggings":2,"minecraft:coast_armor_trim_smithing_template":2,"minecraft:compass":1,"minecraft:netherite_ingot":1,"minecraft:iron_shovel":1,"minecraft:bone":65,"minecraft:apple":8,"minecraft:diamond_leggings":1,"minecraft:candle":4,"minecraft:gold_nugget":1,"minecraft:bucket":2,"minecraft:heart_of_the_sea":8,"minecraft:eye_armor_trim_smithing_template":5,"minecraft:iron_ingot":123,"minecraft:netherite_upgrade_smithing_template":3,"minecraft:iron_nugget":55,"minecraft:iron_pickaxe":2,"minecraft:enchanted_golden_apple":3,"minecraft:chest":1,"minecraft:iron_sword":3,"minecraft:diamond_hoe":1,"minecraft:iron_boots":1,"minecraft:book":27,"minecraft:sculk_catalyst":3,"minecraft:cooked_porkchop":1,"minecraft:music_disc_13":2,"minecraft:quartz":21,"minecraft:fire_charge":1,"minecraft:soul_torch":44,"minecraft:carrot":9,"minecraft:crying_obsidian":4,"minecraft:dark_oak_log":9,"minecraft:prismarine_crystals":21,"minecraft:goat_horn":1,"minecraft:tnt":13,"minecraft:arrow":51,"minecraft:snout_armor_trim_smithing_template":3,"minecraft:diamond_chestplate":1,"minecraft:cooked_cod":20,"minecraft:diamond":25,"minecraft:beetroot_seeds":14,"minecraft:vex_armor_trim_smithing_template":2,"minecraft:iron_helmet":2,"minecraft:crossbow":4,"minecraft:emerald":49,"minecraft:gold_ingot":78,"minecraft:bread":29,"minecraft:obsidian":25,"minecraft:coal":30,"minecraft:bone_block":6,"minecraft:diamond_pickaxe":1},"minecraft:used":{"minecraft:chest":7,"minecraft:iron_sword":1,"minecraft:diamond_axe":18,"minecraft:crafting_table":1,"minecraft:diamond_shovel":16},"minecraft:mined":{"minecraft:grass_block":17,"minecraft:chest":1,"minecraft:birch_log":12,"minecraft:grass":1,"minecraft:oak_log":7,"minecraft:dirt":7,"minecraft:oak_leaves":1},"minecraft:custom":{"minecraft:interact_with_crafting_table":7,"minecraft:leave_game":2,"minecraft:time_since_death":9012,"minecraft:time_since_rest":9012,"minecraft:sprint_one_cm":3773,"minecraft:walk_one_cm":13514,"minecraft:drop":9,"minecraft:fly_one_cm":494,"minecraft:open_chest":8,"minecraft:crouch_one_cm":1164,"minecraft:play_time":9012,"minecraft:sneak_time":275,"minecraft:jump":12,"minecraft:total_world_time":9012,"minecraft:fall_one_cm":478},"minecraft:dropped":{"minecraft:book":6,"minecraft:enchanted_golden_apple":2,"minecraft:iron_chestplate":1,"minecraft:snout_armor_trim_smithing_template":2,"minecraft:potion":1,"minecraft:chain":7,"minecraft:string":4},"minecraft:crafted":{"minecraft:oak_planks":20,"minecraft:diamond_axe":1,"minecraft:crafting_table":1,"minecraft:diamond_shovel":1,"minecraft:birch_planks":44,"minecraft:stick":4,"minecraft:chest":6}},"DataVersion":3465}